{"acc": 0.8496400381435575, "loss": 0.21293970636922305, "_timestamp": 1712083120.4210098, "_runtime": 11.490372896194458, "_step": 7, "_wandb": {"runtime": 10}}