{"acc": 0.9132308964676333, "loss": 0.0904666756959032, "_timestamp": 1712083248.1249669, "_runtime": 11.45214295387268, "_step": 27, "_wandb": {"runtime": 10}}